[{
    "_id" : ObjectId("661c347e0df48587b98e0d74"),
    "RoomNumber" : "101",
    "Capacity" : "20",
    "GardenId" : "661c31820df48587b98e0d6d"
  }, {
    "_id" : ObjectId("661c347e0df48587b98e0d75"),
    "RoomNumber" : "102",
    "Capacity" : "15",
    "GardenId" : "661c31820df48587b98e0d6e"
  }, {
    "_id" : ObjectId("661c347e0df48587b98e0d76"),
    "RoomNumber" : "103",
    "Capacity" : "18",
    "GardenId" : "661c31820df48587b98e0d6f"
  }, {
    "_id" : ObjectId("661c347e0df48587b98e0d77"),
    "RoomNumber" : "104",
    "Capacity" : "25",
    "GardenId" : "661c31820df48587b98e0d70"
  }, {
    "_id" : ObjectId("661edfe210161f8cdaa5670a"),
    "RoomNumber" : "101",
    "Capacity" : "30",
    "GardenId" : "661c31820df48587b98e0d6d"
  }]