[{
    "_id" : ObjectId("661c38040df48587b98e0d86"),
    "DeviceId" : "661c37430df48587b98e0d7b",
    "MeasurementType" : "Температура",
    "Value" : "25°C"
  }, {
    "_id" : ObjectId("661c38040df48587b98e0d87"),
    "DeviceId" : "661c37430df48587b98e0d7c",
    "MeasurementType" : "Вологість",
    "Value" : "50%"
  }, {
    "_id" : ObjectId("661c38040df48587b98e0d88"),
    "DeviceId" : "661c37430df48587b98e0d7d",
    "MeasurementType" : "Тиск",
    "Value" : "1013 hPa"
  }, {
    "_id" : ObjectId("661c38040df48587b98e0d89"),
    "DeviceId" : "661c37430df48587b98e0d7e",
    "MeasurementType" : "Освітленість",
    "Value" : "500 lux"
  }, {
    "_id" : ObjectId("661c38040df48587b98e0d8a"),
    "DeviceId" : "661c37430df48587b98e0d7f",
    "MeasurementType" : "Рівень кислотності",
    "Value" : "7.0"
  }]