[{
    "_id" : ObjectId("661c37430df48587b98e0d7b"),
    "RoomId" : "661c347e0df48587b98e0d74",
    "Name" : "Термостат",
    "Status" : "active"
  }, {
    "_id" : ObjectId("661c37430df48587b98e0d7c"),
    "RoomId" : "661c347e0df48587b98e0d75",
    "Name" : "Кондиціонер",
    "Status" : "inactive"
  }, {
    "_id" : ObjectId("661c37430df48587b98e0d7d"),
    "RoomId" : "661c347e0df48587b98e0d76",
    "Name" : "Вентиляційна система",
    "Status" : "active"
  }, {
    "_id" : ObjectId("661c37430df48587b98e0d7e"),
    "RoomId" : "661c347e0df48587b98e0d77",
    "Name" : "Регулятор вологості",
    "Status" : "active"
  }, {
    "_id" : ObjectId("661c37430df48587b98e0d7f"),
    "RoomId" : "661c347e0df48587b98e0d78",
    "Name" : "Радіатор",
    "Status" : "active"
  }]