[{
    "_id" : ObjectId("661c31820df48587b98e0d6d"),
    "Name" : "Соняшник",
    "Location" : "Київ",
    "Director" : "Олена Петрівна",
    "Email" : "sonyashnyk@example.com",
    "Phone" : "+380991234563",
    "Users" : [{
        "_id" : ObjectId("661c30de0df48587b98e0d66")
      }]
  }, {
    "_id" : ObjectId("661c31820df48587b98e0d6e"),
    "Name" : "Веселка",
    "Location" : "Львів",
    "Director" : "Іван Іванович",
    "Email" : "veselka@example.com",
    "Phone" : "+380998765432",
    "Users" : [{
        "_id" : "661c30de0df48587b98e0d67"
      }]
  }, {
    "_id" : ObjectId("661c31820df48587b98e0d6f"),
    "Name" : "Ромашка",
    "Location" : "Харків",
    "Director" : "Марія Олексіївна",
    "Email" : "romashka@example.com",
    "Phone" : "+380987654321",
    "Users" : [{
        "_id" : "661c30de0df48587b98e0d68"
      }]
  }, {
    "_id" : ObjectId("661c31820df48587b98e0d70"),
    "Name" : "Барвінок",
    "Location" : "Одеса",
    "Director" : "Анна Василівна",
    "Email" : "barvinok@example.com",
    "Phone" : "+380994321098",
    "Users" : [{
        "_id" : "661c30de0df48587b98e0d6a"
      }]
  }, {
    "_id" : ObjectId("661c31820df48587b98e0d71"),
    "Name" : "Тюльпан",
    "Location" : "Дніпро",
    "Director" : "Віктор Петрович",
    "Email" : "tyulpan@example.com",
    "Phone" : "+380997654321",
    "Users" : [{
        "_id" : "661d3daf2993bc2cb6ee9eae"
      }]
  }]