[{
    "_id" : ObjectId("661c30de0df48587b98e0d66"),
    "Username" : "Washer",
    "FirstName" : "Анна",
    "LastName" : "Іванова",
    "Email" : "anna@example.com",
    "Password" : "password123",
    "Phone" : "+380991234567",
    "Role" : "employee",
    "Status" : "notbanned"
  }, {
    "_id" : ObjectId("661c30de0df48587b98e0d67"),
    "Username" : "Teacher456",
    "FirstName" : "Олександр",
    "LastName" : "Петров",
    "Email" : "oleksandr@example.com",
    "Password" : "pass456",
    "Phone" : "+380998765432",
    "Role" : "employee",
    "Status" : "notbanned"
  }, {
    "_id" : ObjectId("661c30de0df48587b98e0d68"),
    "Username" : "Parent789",
    "FirstName" : "Ірина",
    "LastName" : "Сидоренко",
    "Email" : "iryna@example.com",
    "Password" : "parentpass789",
    "Phone" : "+380976543210",
    "Role" : "parent",
    "Status" : "notbanned"
  }, {
    "_id" : ObjectId("661c30de0df48587b98e0d69"),
    "Username" : "ClimateAdmin",
    "FirstName" : "Павло",
    "LastName" : "Мельник",
    "Email" : "pavlo@example.com",
    "Password" : "climateadmin123",
    "Phone" : "+380955555555",
    "Role" : "admin"
  }, {
    "_id" : ObjectId("661c30de0df48587b98e0d6a"),
    "Username" : "MaintenanceWorker",
    "FirstName" : "Максим",
    "LastName" : "Ковальов",
    "Email" : "max@example.com",
    "Password" : "maintenancepass",
    "Phone" : "+380933333333",
    "Role" : "employee",
    "Status" : "notbanned"
  }, {
    "_id" : ObjectId("661d3daf2993bc2cb6ee9eae"),
    "Username" : "Cooker",
    "FirstName" : "Анатолій",
    "LastName" : "Журавльов",
    "Email" : "anatol@example.com",
    "Password" : "anatol768",
    "Phone" : "+380934678323",
    "Role" : "employee",
    "Status" : "Banned"
  }, {
    "_id" : ObjectId("66202a38a7616b638758c2e8"),
    "Username" : "Arseniy",
    "FirstName" : "Arseniy",
    "LastName" : "Martynov",
    "Email" : "arsenii.martynov@nure.ua",
    "Password" : "password123",
    "Phone" : "+380991234567",
    "Role" : "admin",
    "Status" : "notbanned"
  }]